INSERT INTO Person (mnumber, first_name, last_name, email, department)
VALUES ('M12345678', 'Jon', 'Snoe', 'snoej@ucmail.uc.edu', 'Engineering'),
    ('M12345679', 'Bill', 'Weasley', 'weasleb@ucmail.uc.edu', 'Zoology');

INSERT INTO aggregation(id, name, type, parent_name)
VALUES ('d18d456b-6860-475e-96cd-6965d0747855', 'My_Agg', 'SUM', NULL),
    ('d18d456b-6860-475e-96cd-6965d0747856', 'My_Agg_2', 'AVG', NULL),
    ('d18d456b-6860-475e-96cd-6965d0747857', 'My_Child_Agg', 'SUM', 'd18d456b-6860-475e-96cd-6965d0747855');

-- Insert Thresholds for My_Agg
INSERT INTO public.threshold(id, threshold_start, threshold_end, threshold_name, aggregation)
VALUES ('a18d456b-6860-475e-96cd-6965d0747857', 0, 25, 'Troll', 'd18d456b-6860-475e-96cd-6965d0747855'),
    ('a18d456b-6860-475e-96cd-6965d0747858', 25, 50, 'Dreadful', 'd18d456b-6860-475e-96cd-6965d0747855'),
    ('a18d456b-6860-475e-96cd-6965d0747859', 50, 75, 'Poor', 'd18d456b-6860-475e-96cd-6965d0747855'),
    ('a18d456b-6860-475e-96cd-6965d0747850', 100, 125, 'Acceptable', 'd18d456b-6860-475e-96cd-6965d0747855'),
    ('a18d456b-6860-475e-96cd-6965d0747851', 125, 150, 'Exceeds Expectations', 'd18d456b-6860-475e-96cd-6965d0747855'),
    ('a18d456b-6860-475e-96cd-6965d0747852', 150, 200, 'Outstanding', 'd18d456b-6860-475e-96cd-6965d0747855');

-- Insert Thresholds for My_Child_Agg
INSERT INTO public.threshold(id, threshold_start, threshold_end, threshold_name, aggregation)
VALUES ('b18d456b-6860-475e-96cd-6965d0747857', 0, 25, 'Troll', 'd18d456b-6860-475e-96cd-6965d0747856'),
    ('b18d456b-6860-475e-96cd-6965d0747858', 25, 50, 'Dreadful', 'd18d456b-6860-475e-96cd-6965d0747856'),
    ('b18d456b-6860-475e-96cd-6965d0747859', 50, 75, 'Poor', 'd18d456b-6860-475e-96cd-6965d0747856'),
    ('b18d456b-6860-475e-96cd-6965d0747850', 100, 125, 'Acceptable', 'd18d456b-6860-475e-96cd-6965d0747856'),
    ('b18d456b-6860-475e-96cd-6965d0747851', 125, 150, 'Exceeds Expectations', 'd18d456b-6860-475e-96cd-6965d0747856'),
    ('b18d456b-6860-475e-96cd-6965d0747852', 150, 200, 'Outstanding', 'd18d456b-6860-475e-96cd-6965d0747856');

-- Insert Thresholds for My_Agg_2
INSERT INTO public.threshold(id, threshold_start, threshold_end, threshold_name, aggregation)
VALUES ('c18d456b-6860-475e-96cd-6965d0747857', 0, 25, 'Troll', 'd18d456b-6860-475e-96cd-6965d0747857'),
    ('c18d456b-6860-475e-96cd-6965d0747859', 50, 75, 'Poor', 'd18d456b-6860-475e-96cd-6965d0747857'),
    ('c18d456b-6860-475e-96cd-6965d0747850', 100, 125, 'Acceptable', 'd18d456b-6860-475e-96cd-6965d0747857'),
    ('c18d456b-6860-475e-96cd-6965d0747851', 125, 150, 'Exceeds Expectations', 'd18d456b-6860-475e-96cd-6965d0747857'),
    ('c18d456b-6860-475e-96cd-6965d0747858', 25, 50, 'Dreadful', 'd18d456b-6860-475e-96cd-6965d0747857'),
    ('c18d456b-6860-475e-96cd-6965d0747852', 150, 200, 'Outstanding', 'd18d456b-6860-475e-96cd-6965d0747857');

INSERT INTO public.measure(id, date_measured, person_measured, aggregate_measured, value)
VALUES 
    ('0c7b8a3d-ec91-4542-b775-36166db120fc','2020-01-01','M12345678','d18d456b-6860-475e-96cd-6965d0747855',8),
    ('f748e39d-f501-4d8d-94ae-f96764431201','2020-01-01','M12345678','d18d456b-6860-475e-96cd-6965d0747856',105),
    ('d883973d-ee3e-4b34-aa6a-249d70e09002','2020-01-01','M12345679','d18d456b-6860-475e-96cd-6965d0747855',139),
    ('4d1d5dbd-1d90-491a-b4d7-71c9eee210c7','2020-01-01','M12345679','d18d456b-6860-475e-96cd-6965d0747856',13),
    ('c5370e6a-e402-4765-93f4-517b4b45d328','2020-01-08','M12345678','d18d456b-6860-475e-96cd-6965d0747855',110),
    ('c306c22b-b9c9-40dc-9652-179725c7c061','2020-01-08','M12345678','d18d456b-6860-475e-96cd-6965d0747856',65),
    ('6cc88543-9e28-4fa9-bf3d-781f3f7ce024','2020-01-08','M12345679','d18d456b-6860-475e-96cd-6965d0747855',110),
    ('cf9e0b91-707c-450f-b6e0-2df9de4ee78c','2020-01-08','M12345679','d18d456b-6860-475e-96cd-6965d0747856',86),
    ('15c565f4-3de4-4ae7-a624-fd7bafdeb2d5','2020-01-15','M12345678','d18d456b-6860-475e-96cd-6965d0747855',109),
    ('47a6b257-926e-4399-b2a8-39a079f24aca','2020-01-15','M12345678','d18d456b-6860-475e-96cd-6965d0747856',121),
    ('61ac174d-cdf2-441d-bf61-8aa2116db1e4','2020-01-15','M12345679','d18d456b-6860-475e-96cd-6965d0747855',128),
    ('a8ab1260-a703-4ea7-b32d-9f9c698ec802','2020-01-15','M12345679','d18d456b-6860-475e-96cd-6965d0747856',69),
    ('1a5fdbaa-c645-4c74-be09-f75377ece388','2020-01-23','M12345678','d18d456b-6860-475e-96cd-6965d0747855',28),
    ('41aac5cc-5714-44e5-ad04-1afb5481faa1','2020-01-23','M12345678','d18d456b-6860-475e-96cd-6965d0747856',17),
    ('0ede51cc-7c64-49fc-8c82-42bff6356f93','2020-01-23','M12345679','d18d456b-6860-475e-96cd-6965d0747855',79),
    ('fc16ad18-efd3-4f38-8307-15e8aeed0650','2020-01-23','M12345679','d18d456b-6860-475e-96cd-6965d0747856',94),
    ('9da6b8fa-97c1-4003-8c2d-4a782b8cd5f1','2020-01-30','M12345678','d18d456b-6860-475e-96cd-6965d0747855',109),
    ('4d2da632-ada0-49aa-9003-c2257be8ea01','2020-01-30','M12345678','d18d456b-6860-475e-96cd-6965d0747856',111),
    ('c61a2bf1-0318-41e8-a9b9-d265b73335c3','2020-01-30','M12345678','d18d456b-6860-475e-96cd-6965d0747857',108),
    ('25f9520b-cb92-4d45-ba5d-6e4e4bba0948','2020-01-30','M12345679','d18d456b-6860-475e-96cd-6965d0747855',98),
    ('c9b41f66-d5ee-4b53-b970-5cfef0b6b071','2020-01-30','M12345679','d18d456b-6860-475e-96cd-6965d0747856',132),
    ('c03b20da-de7d-4477-ada7-12558916cb51','2020-01-30','M12345679','d18d456b-6860-475e-96cd-6965d0747857',196);

INSERT INTO public.global_measure(id, date_measured, aggregate_id, mean, median, minimum_value, maximum_value, standard_deviation)
VALUES
('cc9f05bc-3b8a-477e-9443-64d7319b4547','2020-01-01','d18d456b-6860-475e-96cd-6965d0747855',73.5,105,8,139,67.9779375974294),
('c30144b8-849c-4eb1-bc9d-ca797d1d8961','2020-01-08','d18d456b-6860-475e-96cd-6965d0747855',110,110,110,110,0),
('f3626eb8-9475-4172-9927-3808ca4e566c','2020-01-15','d18d456b-6860-475e-96cd-6965d0747855',118.5,118.5,109,128,13.4350288425444),
('0331532a-44bf-48e3-a914-06e07ec05394','2020-01-23','d18d456b-6860-475e-96cd-6965d0747855',53.5,53.5,23,79,36.0624458405139),
('8a6e1de4-af65-4c29-bf52-1756a1b1c41a','2020-01-30','d18d456b-6860-475e-96cd-6965d0747855',103.5,103.5,98,109,7.77817459305202),
('76f1e9c2-35b7-4807-af43-46ae31ca6589','2020-01-01','d18d456b-6860-475e-96cd-6965d0747856',59,59,13,105,65.0538238691624),
('e401b995-0d7a-4720-8ccf-f1384fbfc8e4','2020-01-08','d18d456b-6860-475e-96cd-6965d0747856',75.5,75.5,65,86,14.8492424049175),
('5e7cabd6-a34b-4780-8203-a5cf918fc0ac','2020-01-15','d18d456b-6860-475e-96cd-6965d0747856',95,95,69,121,36.7695526217005),
('2709b6af-d98e-4bf1-a6c4-23b52a59267d','2020-01-23','d18d456b-6860-475e-96cd-6965d0747856',55.5,55.5,17,94,54.4472221513642),
('a0103538-aa16-4015-a3ed-9d1a809def33','2020-01-30','d18d456b-6860-475e-96cd-6965d0747856',121.5,121.5,111,132,14.8492424049175),
('7f16a3d4-597c-4de3-9f72-4f34e8c17106','2020-01-30','d18d456b-6860-475e-96cd-6965d0747857',152,152,108,196,62.2253967444162);